-- MySQL dump 10.13  Distrib 8.0.28, for macos11 (arm64)
--
-- Host: localhost    Database: ImovelNet
-- ------------------------------------------------------
-- Server version	8.0.28

/*!40101 SET @OLD_CHARACTER_SET_CLIENT=@@CHARACTER_SET_CLIENT */;
/*!40101 SET @OLD_CHARACTER_SET_RESULTS=@@CHARACTER_SET_RESULTS */;
/*!40101 SET @OLD_COLLATION_CONNECTION=@@COLLATION_CONNECTION */;
/*!50503 SET NAMES utf8mb4 */;
/*!40103 SET @OLD_TIME_ZONE=@@TIME_ZONE */;
/*!40103 SET TIME_ZONE='+00:00' */;
/*!40014 SET @OLD_UNIQUE_CHECKS=@@UNIQUE_CHECKS, UNIQUE_CHECKS=0 */;
/*!40014 SET @OLD_FOREIGN_KEY_CHECKS=@@FOREIGN_KEY_CHECKS, FOREIGN_KEY_CHECKS=0 */;
/*!40101 SET @OLD_SQL_MODE=@@SQL_MODE, SQL_MODE='NO_AUTO_VALUE_ON_ZERO' */;
/*!40111 SET @OLD_SQL_NOTES=@@SQL_NOTES, SQL_NOTES=0 */;

--
-- Table structure for table `BAIRRO`
--

DROP TABLE IF EXISTS `BAIRRO`;
/*!40101 SET @saved_cs_client     = @@character_set_client */;
/*!50503 SET character_set_client = utf8mb4 */;
CREATE TABLE `BAIRRO` (
  `CDBAIRRO` int NOT NULL,
  `CDCIDADE` int NOT NULL,
  `SGESTADO` char(2) COLLATE utf8_unicode_ci NOT NULL,
  `NMBAIRRO` varchar(20) COLLATE utf8_unicode_ci NOT NULL,
  PRIMARY KEY (`CDBAIRRO`,`CDCIDADE`,`SGESTADO`),
  KEY `CDCIDADE` (`CDCIDADE`),
  KEY `SGESTADO` (`SGESTADO`),
  CONSTRAINT `bairro_ibfk_1` FOREIGN KEY (`CDCIDADE`) REFERENCES `CIDADE` (`CDCIDADE`),
  CONSTRAINT `bairro_ibfk_2` FOREIGN KEY (`SGESTADO`) REFERENCES `ESTADO` (`SGESTADO`)
) ENGINE=InnoDB DEFAULT CHARSET=utf8mb3 COLLATE=utf8_unicode_ci;
/*!40101 SET character_set_client = @saved_cs_client */;

--
-- Dumping data for table `BAIRRO`
--

LOCK TABLES `BAIRRO` WRITE;
/*!40000 ALTER TABLE `BAIRRO` DISABLE KEYS */;
INSERT INTO `BAIRRO` VALUES (1,1,'RJ','AEROPORTO'),(1,1,'SP','JARDINS'),(2,1,'RJ','FLAMENGO'),(2,1,'SP','MORUMBI'),(3,1,'SP','AEROPORTO');
/*!40000 ALTER TABLE `BAIRRO` ENABLE KEYS */;
UNLOCK TABLES;

--
-- Table structure for table `CIDADE`
--

DROP TABLE IF EXISTS `CIDADE`;
/*!40101 SET @saved_cs_client     = @@character_set_client */;
/*!50503 SET character_set_client = utf8mb4 */;
CREATE TABLE `CIDADE` (
  `CDCIDADE` int NOT NULL,
  `SGESTADO` char(2) COLLATE utf8_unicode_ci NOT NULL,
  `NMCIDADE` varchar(20) COLLATE utf8_unicode_ci NOT NULL,
  PRIMARY KEY (`CDCIDADE`,`SGESTADO`),
  KEY `SGESTADO` (`SGESTADO`),
  CONSTRAINT `cidade_ibfk_1` FOREIGN KEY (`SGESTADO`) REFERENCES `ESTADO` (`SGESTADO`),
  CONSTRAINT `cidade_ibfk_2` FOREIGN KEY (`SGESTADO`) REFERENCES `ESTADO` (`SGESTADO`)
) ENGINE=InnoDB DEFAULT CHARSET=utf8mb3 COLLATE=utf8_unicode_ci;
/*!40101 SET character_set_client = @saved_cs_client */;

--
-- Dumping data for table `CIDADE`
--

LOCK TABLES `CIDADE` WRITE;
/*!40000 ALTER TABLE `CIDADE` DISABLE KEYS */;
INSERT INTO `CIDADE` VALUES (1,'RJ','RIO DE JANEIRO'),(1,'SP','SÃO PAULO'),(2,'RJ','NITERÓI'),(2,'SP','SANTO ANDRÉ');
/*!40000 ALTER TABLE `CIDADE` ENABLE KEYS */;
UNLOCK TABLES;

--
-- Table structure for table `COMPRADOR`
--

DROP TABLE IF EXISTS `COMPRADOR`;
/*!40101 SET @saved_cs_client     = @@character_set_client */;
/*!50503 SET character_set_client = utf8mb4 */;
CREATE TABLE `COMPRADOR` (
  `CDCOMPRADOR` int NOT NULL,
  `NMCOMPRADOR` varchar(40) COLLATE utf8_unicode_ci DEFAULT NULL,
  `NMENDERECO` varchar(40) COLLATE utf8_unicode_ci DEFAULT NULL,
  `NRCPF` decimal(11,0) DEFAULT NULL,
  `NMCIDADE` varchar(20) COLLATE utf8_unicode_ci DEFAULT NULL,
  `NMBAIRRO` varchar(20) COLLATE utf8_unicode_ci DEFAULT NULL,
  `SGESTADO` char(2) COLLATE utf8_unicode_ci DEFAULT NULL,
  `TELEFONE` varchar(20) COLLATE utf8_unicode_ci DEFAULT NULL,
  `EMAIL` varchar(80) COLLATE utf8_unicode_ci DEFAULT NULL,
  PRIMARY KEY (`CDCOMPRADOR`),
  KEY `XIFNMCOMP` (`NMCOMPRADOR`)
) ENGINE=InnoDB DEFAULT CHARSET=utf8mb3 COLLATE=utf8_unicode_ci;
/*!40101 SET character_set_client = @saved_cs_client */;

--
-- Dumping data for table `COMPRADOR`
--

LOCK TABLES `COMPRADOR` WRITE;
/*!40000 ALTER TABLE `COMPRADOR` DISABLE KEYS */;
INSERT INTO `COMPRADOR` VALUES (1,'EMANUEL ANTUNES','R SARAIVA, 452',NULL,NULL,NULL,NULL,NULL,'eantunes@novatec.com.br'),(2,'JOANA PEREIRA','AV PORTUGAL, 52',NULL,NULL,NULL,NULL,NULL,'jpereira@novatec.com.br'),(3,'RONALDO CAMPELO','R RANANÁS, 45',NULL,NULL,NULL,'RJ',NULL,'rcampelo@novatec.com.br'),(4,'MANFRED AUGUSTO','AV BRASIL, 351',NULL,NULL,NULL,NULL,NULL,'maugusto@novatec.com.br');
/*!40000 ALTER TABLE `COMPRADOR` ENABLE KEYS */;
UNLOCK TABLES;

--
-- Table structure for table `ESTADO`
--

DROP TABLE IF EXISTS `ESTADO`;
/*!40101 SET @saved_cs_client     = @@character_set_client */;
/*!50503 SET character_set_client = utf8mb4 */;
CREATE TABLE `ESTADO` (
  `SGESTADO` char(2) COLLATE utf8_unicode_ci NOT NULL,
  `NMESTADO` varchar(20) COLLATE utf8_unicode_ci DEFAULT NULL,
  PRIMARY KEY (`SGESTADO`)
) ENGINE=InnoDB DEFAULT CHARSET=utf8mb3 COLLATE=utf8_unicode_ci;
/*!40101 SET character_set_client = @saved_cs_client */;

--
-- Dumping data for table `ESTADO`
--

LOCK TABLES `ESTADO` WRITE;
/*!40000 ALTER TABLE `ESTADO` DISABLE KEYS */;
INSERT INTO `ESTADO` VALUES ('RJ','RIO DE JANEIRO'),('SP','SÃO PAULO');
/*!40000 ALTER TABLE `ESTADO` ENABLE KEYS */;
UNLOCK TABLES;

--
-- Table structure for table `FAIXA_IMOVEL`
--

DROP TABLE IF EXISTS `FAIXA_IMOVEL`;
/*!40101 SET @saved_cs_client     = @@character_set_client */;
/*!50503 SET character_set_client = utf8mb4 */;
CREATE TABLE `FAIXA_IMOVEL` (
  `CDFAIXA` int NOT NULL,
  `NMFAIXA` varchar(30) COLLATE utf8_unicode_ci DEFAULT NULL,
  `VLMINIMO` decimal(14,2) DEFAULT NULL,
  `VLMAXIMO` decimal(14,2) DEFAULT NULL,
  PRIMARY KEY (`CDFAIXA`)
) ENGINE=InnoDB DEFAULT CHARSET=utf8mb3 COLLATE=utf8_unicode_ci;
/*!40101 SET character_set_client = @saved_cs_client */;

--
-- Dumping data for table `FAIXA_IMOVEL`
--

LOCK TABLES `FAIXA_IMOVEL` WRITE;
/*!40000 ALTER TABLE `FAIXA_IMOVEL` DISABLE KEYS */;
INSERT INTO `FAIXA_IMOVEL` VALUES (1,'BAIXO',0.00,105000.00),(2,'MÉDIO',105001.00,180000.00),(3,'ALTO',180001.00,999999.00);
/*!40000 ALTER TABLE `FAIXA_IMOVEL` ENABLE KEYS */;
UNLOCK TABLES;

--
-- Table structure for table `IMOVEL`
--

DROP TABLE IF EXISTS `IMOVEL`;
/*!40101 SET @saved_cs_client     = @@character_set_client */;
/*!50503 SET character_set_client = utf8mb4 */;
CREATE TABLE `IMOVEL` (
  `CDIMOVEL` int NOT NULL,
  `CDVENDEDOR` int DEFAULT NULL,
  `CDBAIRRO` int DEFAULT NULL,
  `CDCIDADE` int DEFAULT NULL,
  `SGESTADO` char(2) COLLATE utf8_unicode_ci DEFAULT NULL,
  `NMENDERECO` varchar(40) COLLATE utf8_unicode_ci DEFAULT NULL,
  `NRAREAUTIL` decimal(10,2) DEFAULT NULL,
  `NRAREATOTAL` decimal(10,2) DEFAULT NULL,
  `DSIMOVEL` varchar(300) COLLATE utf8_unicode_ci DEFAULT NULL,
  `VLPRECO` int NOT NULL,
  `NROFERTAS` int DEFAULT NULL,
  `STVENDIDO` char(1) COLLATE utf8_unicode_ci DEFAULT NULL,
  `DTLANCTO` date DEFAULT NULL,
  `IMOVEL_INDICADO` int DEFAULT NULL,
  PRIMARY KEY (`CDIMOVEL`),
  KEY `CDVENDEDOR` (`CDVENDEDOR`),
  KEY `CDBAIRRO` (`CDBAIRRO`),
  KEY `CDCIDADE` (`CDCIDADE`),
  KEY `SGESTADO` (`SGESTADO`),
  KEY `IMOVEL_IMOVEL` (`IMOVEL_INDICADO`),
  CONSTRAINT `imovel_ibfk_1` FOREIGN KEY (`CDVENDEDOR`) REFERENCES `VENDEDOR` (`CDVENDEDOR`),
  CONSTRAINT `imovel_ibfk_2` FOREIGN KEY (`CDVENDEDOR`) REFERENCES `VENDEDOR` (`CDVENDEDOR`),
  CONSTRAINT `imovel_ibfk_3` FOREIGN KEY (`CDVENDEDOR`) REFERENCES `VENDEDOR` (`CDVENDEDOR`),
  CONSTRAINT `imovel_ibfk_4` FOREIGN KEY (`CDBAIRRO`) REFERENCES `BAIRRO` (`CDBAIRRO`),
  CONSTRAINT `imovel_ibfk_5` FOREIGN KEY (`CDCIDADE`) REFERENCES `CIDADE` (`CDCIDADE`),
  CONSTRAINT `imovel_ibfk_6` FOREIGN KEY (`SGESTADO`) REFERENCES `ESTADO` (`SGESTADO`),
  CONSTRAINT `IMOVEL_IMOVEL` FOREIGN KEY (`IMOVEL_INDICADO`) REFERENCES `IMOVEL` (`CDIMOVEL`)
) ENGINE=InnoDB DEFAULT CHARSET=utf8mb3 COLLATE=utf8_unicode_ci;
/*!40101 SET character_set_client = @saved_cs_client */;

--
-- Dumping data for table `IMOVEL`
--

LOCK TABLES `IMOVEL` WRITE;
/*!40000 ALTER TABLE `IMOVEL` DISABLE KEYS */;
INSERT INTO `IMOVEL` VALUES (1,1,1,1,'SP','AL TIETE, 3304 AP 101',250.00,400.00,NULL,179550,NULL,NULL,'2022-08-01',NULL),(2,1,2,1,'SP','AV MORUMBI, 2230',150.00,250.00,NULL,134663,NULL,NULL,'2022-09-10',1),(3,2,3,1,'SP','R GAL OSORIO, 445 AP 34',250.00,400.00,NULL,203500,NULL,NULL,'2022-10-10',2),(4,2,2,1,'RJ','R D PEDRO I, 882',120.00,200.00,NULL,121000,NULL,NULL,'2023-04-14',1),(5,3,3,1,'SP','AV RUBEM BERTA, 2355',110.00,200.00,NULL,104500,NULL,NULL,NULL,4),(6,4,1,1,'RJ','R GETULIOVARGAS, 552',200.00,300.00,NULL,108900,NULL,NULL,NULL,5);
/*!40000 ALTER TABLE `IMOVEL` ENABLE KEYS */;
UNLOCK TABLES;

--
-- Table structure for table `OFERTA`
--

DROP TABLE IF EXISTS `OFERTA`;
/*!40101 SET @saved_cs_client     = @@character_set_client */;
/*!50503 SET character_set_client = utf8mb4 */;
CREATE TABLE `OFERTA` (
  `CDIMOVEL` int NOT NULL,
  `CDCOMPRADOR` int NOT NULL,
  `VLOFERTA` int NOT NULL,
  `DTOFERTA` date NOT NULL,
  PRIMARY KEY (`CDIMOVEL`,`CDCOMPRADOR`),
  KEY `CDCOMPRADOR` (`CDCOMPRADOR`),
  KEY `xOfertaImo` (`CDIMOVEL`),
  KEY `xVlOfertaImo` (`VLOFERTA` DESC),
  CONSTRAINT `oferta_ibfk_1` FOREIGN KEY (`CDIMOVEL`) REFERENCES `IMOVEL` (`CDIMOVEL`),
  CONSTRAINT `oferta_ibfk_2` FOREIGN KEY (`CDCOMPRADOR`) REFERENCES `COMPRADOR` (`CDCOMPRADOR`)
) ENGINE=InnoDB DEFAULT CHARSET=utf8mb3 COLLATE=utf8_unicode_ci;
/*!40101 SET character_set_client = @saved_cs_client */;

--
-- Dumping data for table `OFERTA`
--

LOCK TABLES `OFERTA` WRITE;
/*!40000 ALTER TABLE `OFERTA` DISABLE KEYS */;
INSERT INTO `OFERTA` VALUES (1,1,170000,'2002-01-10'),(1,2,140000,'2001-02-15'),(2,1,50000,'2001-07-18'),(2,2,70000,'2002-02-15'),(3,1,180000,'2002-01-10'),(4,3,70000,'2000-02-15');
/*!40000 ALTER TABLE `OFERTA` ENABLE KEYS */;
UNLOCK TABLES;

--
-- Table structure for table `VENDEDOR`
--

DROP TABLE IF EXISTS `VENDEDOR`;
/*!40101 SET @saved_cs_client     = @@character_set_client */;
/*!50503 SET character_set_client = utf8mb4 */;
CREATE TABLE `VENDEDOR` (
  `CDVENDEDOR` int NOT NULL,
  `NMVENDEDOR` varchar(40) COLLATE utf8_unicode_ci DEFAULT NULL,
  `NMENDERECO` varchar(40) COLLATE utf8_unicode_ci DEFAULT NULL,
  `NRCPF` decimal(11,0) DEFAULT NULL,
  `NMCIDADE` varchar(20) COLLATE utf8_unicode_ci DEFAULT NULL,
  `NMBAIRRO` varchar(20) COLLATE utf8_unicode_ci DEFAULT NULL,
  `SGESTADO` char(2) COLLATE utf8_unicode_ci DEFAULT NULL,
  `TELEFONE` varchar(20) COLLATE utf8_unicode_ci DEFAULT NULL,
  `EMAIL` varchar(80) COLLATE utf8_unicode_ci DEFAULT NULL,
  PRIMARY KEY (`CDVENDEDOR`),
  KEY `XIFNMVEND` (`NMVENDEDOR`)
) ENGINE=InnoDB DEFAULT CHARSET=utf8mb3 COLLATE=utf8_unicode_ci;
/*!40101 SET character_set_client = @saved_cs_client */;

--
-- Dumping data for table `VENDEDOR`
--

LOCK TABLES `VENDEDOR` WRITE;
/*!40000 ALTER TABLE `VENDEDOR` DISABLE KEYS */;
INSERT INTO `VENDEDOR` VALUES (1,'MARIA DA SILVA','RUA DO GRITO, 45',NULL,NULL,NULL,'SP',NULL,'msilva@novatec.com.br'),(2,'MARCOS ANDRADE','AV. DA SAUDADE, 325',NULL,NULL,NULL,'RJ',NULL,'mandrade@novatec.com.br'),(3,'ANDRE CARDOSO','AV. BRASIL, 401',NULL,'1',NULL,'SP',NULL,'acardoso@novatec.com.br'),(4,'TATIANA SOUZA','RUA DO IMPERADOR, 788',NULL,NULL,NULL,'RJ',NULL,'tsouza@novatec.com.br');
/*!40000 ALTER TABLE `VENDEDOR` ENABLE KEYS */;
UNLOCK TABLES;
/*!40103 SET TIME_ZONE=@OLD_TIME_ZONE */;

/*!40101 SET SQL_MODE=@OLD_SQL_MODE */;
/*!40014 SET FOREIGN_KEY_CHECKS=@OLD_FOREIGN_KEY_CHECKS */;
/*!40014 SET UNIQUE_CHECKS=@OLD_UNIQUE_CHECKS */;
/*!40101 SET CHARACTER_SET_CLIENT=@OLD_CHARACTER_SET_CLIENT */;
/*!40101 SET CHARACTER_SET_RESULTS=@OLD_CHARACTER_SET_RESULTS */;
/*!40101 SET COLLATION_CONNECTION=@OLD_COLLATION_CONNECTION */;
/*!40111 SET SQL_NOTES=@OLD_SQL_NOTES */;

-- Dump completed on 2022-10-20 11:30:41
